Rk,Player,Nation,Pos,Squad,Age,Born,MP,Starts,Min,90s,Gls,Ast,G+A,G-PK,PK,PKatt,CrdY,CrdR,Gls,Ast,G+A,G-PK,G+A-PK,Matches
1,Yakubu Aiyegbeni,ng NGA,FW,Portsmouth,21,1982,30,29,"2,467",27.4,13,3,16,9,4,4,2,0,0.47,0.11,0.58,0.33,0.44,Matches
2,Martin Albrechtsen,dk DEN,DF,West Brom,24,1980,24,20,"1,785",19.8,0,1,1,0,0,0,1,0,0,0.05,0.05,0,0.05,Matches
3,Jérémie Aliadière,fr FRA,"FW,MF",Arsenal,21,1983,4,0,37,0.4,0,0,0,0,0,0,0,0,0,0,0,0,0,Matches
4,Manuel Almunia,es ESP,GK,Arsenal,27,1977,10,10,900,10,0,0,0,0,0,0,0,0,0,0,0,0,0,Matches
5,Xabi Alonso,es ESP,MF,Liverpool,22,1981,24,20,"1,809",20.1,2,4,6,2,0,0,1,0,0.1,0.2,0.3,0.1,0.3,Matches
6,Darren Ambrose,eng ENG,"FW,MF",Newcastle Utd,20,1984,12,8,741,8.2,3,0,3,3,0,0,1,0,0.36,0,0.36,0.36,0.36,Matches
7,Shola Ameobi,ng NGA,FW,Newcastle Utd,22,1981,31,17,"1,674",18.6,2,1,3,2,0,0,3,1,0.11,0.05,0.16,0.11,0.16,Matches
8,Lorenzo Amoruso,it ITA,DF,Blackburn,33,1971,6,5,453,5,0,0,0,0,0,0,1,1,0,0,0,0,0,Matches
9,Stephan Andersen,dk DEN,GK,Charlton Ath,22,1981,2,2,180,2,0,0,0,0,0,0,0,0,0,0,0,0,0,Matches
10,Darren Anderton,eng ENG,MF,Birmingham City,32,1972,20,9,868,9.6,3,1,4,3,0,0,1,0,0.31,0.1,0.41,0.31,0.41,Matches
11,Wayne Andrews,eng ENG,FW,Crystal Palace,26,1977,9,0,124,1.4,0,0,0,0,0,0,1,0,0,0,0,0,0,Matches
12,Nicolas Anelka,fr FRA,FW,Manchester City,25,1979,19,18,"1,510",16.8,7,2,9,5,2,2,0,0,0.42,0.12,0.54,0.3,0.42,Matches
13,José Antonio Reyes,es ESP,MF,Arsenal,20,1983,30,25,"2,025",22.5,9,10,19,9,0,0,3,0,0.4,0.44,0.84,0.4,0.84,Matches
14,John Arne Riise,no NOR,"DF,MF",Liverpool,23,1980,37,34,"2,984",33.2,6,7,13,6,0,0,2,0,0.18,0.21,0.39,0.18,0.39,Matches
15,Mikel Arteta,es ESP,MF,Everton,22,1982,12,10,810,9,1,3,4,1,0,0,5,0,0.11,0.33,0.44,0.11,0.44,Matches
16,Jamie Ashdown,eng ENG,GK,Portsmouth,23,1980,16,16,"1,440",16,0,0,0,0,0,0,0,0,0,0,0,0,0,Matches
17,Dean Ashton,eng ENG,FW,Norwich City,20,1983,16,16,"1,421",15.8,7,3,10,6,1,1,0,0,0.44,0.19,0.63,0.38,0.57,Matches
18,Timothée Atouba,cm CMR,DF,Tottenham,22,1982,18,15,"1,397",15.5,1,0,1,1,0,0,1,0,0.06,0,0.06,0.06,0.06,Matches
19,Celestine Babayaro,ng NGA,"DF,MF",Newcastle Utd,25,1978,7,7,626,7,0,1,1,0,0,0,1,0,0,0.14,0.14,0,0.14,Matches
20,Celestine Babayaro,ng NGA,"DF,MF",Chelsea,25,1978,4,3,292,3.2,0,1,1,0,0,0,1,0,0,0.31,0.31,0,0.31,Matches
21,Anthony Barness,eng ENG,DF,Bolton,31,1973,8,5,429,4.8,0,0,0,0,0,0,0,0,0,0,0,0,0,Matches
22,Milan Baroš,cz CZE,FW,Liverpool,22,1981,26,22,"1,866",20.7,9,1,10,7,2,3,4,1,0.43,0.05,0.48,0.34,0.39,Matches
23,Gareth Barry,eng ENG,MF,Aston Villa,23,1981,34,33,"2,837",31.5,7,1,8,4,3,3,2,0,0.22,0.03,0.25,0.13,0.16,Matches
24,Shaun Bartlett,za RSA,FW,Charlton Ath,31,1972,25,25,"2,050",22.8,6,3,9,6,0,0,0,2,0.26,0.13,0.4,0.26,0.4,Matches
25,Joey Barton,eng ENG,MF,Manchester City,21,1982,31,28,"2,502",27.8,1,5,6,1,0,0,9,0,0.04,0.18,0.22,0.04,0.22,Matches
26,Matthew Bates,eng ENG,DF,Middlesbrough,17,1986,2,0,2,0,0,0,0,0,0,0,0,0,0,0,0,0,0,Matches
27,James Beattie,eng ENG,FW,Southampton,26,1978,11,11,808,9,3,1,4,2,1,1,0,0,0.33,0.11,0.45,0.22,0.33,Matches
28,James Beattie,eng ENG,FW,Everton,26,1978,11,7,567,6.3,1,0,1,1,0,1,1,1,0.16,0,0.16,0.16,0.16,Matches
29,Craig Bellamy,wls WAL,FW,Newcastle Utd,25,1979,21,21,"1,788",19.9,7,4,11,7,0,0,2,0,0.35,0.2,0.55,0.35,0.55,Matches
30,David Bellion,fr FRA,FW,Manchester Utd,21,1982,10,1,208,2.3,2,0,2,2,0,0,0,0,0.87,0,0.87,0.87,0.87,Matches
31,Tal Ben Haim,il ISR,DF,Bolton,22,1982,21,19,"1,751",19.5,1,0,1,1,0,0,5,0,0.05,0,0.05,0.05,0.05,Matches
32,Marcus Bent,eng ENG,FW,Everton,26,1978,37,31,"2,676",29.7,6,4,10,6,0,0,2,0,0.2,0.13,0.34,0.2,0.34,Matches
33,David Bentley,eng ENG,MF,Norwich City,19,1984,26,22,"2,005",22.3,2,3,5,2,0,0,6,0,0.09,0.13,0.22,0.09,0.22,Matches
34,Patrik Berger,cz CZE,MF,Portsmouth,30,1973,32,30,"2,506",27.8,3,5,8,3,0,0,0,0,0.11,0.18,0.29,0.11,0.29,Matches
35,Dennis Bergkamp,nl NED,FW,Arsenal,35,1969,29,20,"1,921",21.3,8,12,20,8,0,0,1,0,0.37,0.56,0.94,0.37,0.94,Matches
36,Eyal Berkovic,il ISR,MF,Portsmouth,32,1972,11,6,445,4.9,1,4,5,1,0,0,0,0,0.2,0.81,1.01,0.2,1.01,Matches
37,Olivier Bernard,fr FRA,DF,Southampton,24,1979,13,12,"1,106",12.3,0,1,1,0,0,0,3,0,0,0.08,0.08,0,0.08,Matches
38,Olivier Bernard,fr FRA,DF,Newcastle Utd,24,1979,21,19,"1,675",18.6,0,2,2,0,0,0,4,0,0,0.11,0.11,0,0.11,Matches
39,Mathieu Berson,fr FRA,MF,Aston Villa,24,1980,11,7,630,7,0,0,0,0,0,0,2,0,0,0,0,0,0,Matches
40,Leon Best,ie IRL,FW,Southampton,17,1986,2,1,78,0.9,0,0,0,0,0,,0,0,0,0,0,0,0,Matches
41,Igor Bišćan,hr CRO,"DF,MF",Liverpool,26,1978,19,8,728,8.1,2,0,2,2,0,0,0,0,0.25,0,0.25,0.25,0.25,Matches
42,Dexter Blackstock,ag ATG,FW,Southampton,18,1986,9,8,680,7.6,1,0,1,1,0,0,1,0,0.13,0,0.13,0.13,0.13,Matches
43,Robbie Blake,eng ENG,"FW,MF",Birmingham City,28,1976,11,2,335,3.7,2,0,2,1,1,1,0,0,0.54,0,0.54,0.27,0.27,Matches
44,Alan Blayney,nir NIR,GK,Southampton,22,1981,1,1,90,1,0,0,0,0,0,0,0,0,0,0,0,0,0,Matches
45,Luís Boa Morte,pt POR,"FW,MF",Fulham,26,1977,31,29,"2,602",28.9,8,9,17,8,0,0,7,0,0.28,0.31,0.59,0.28,0.59,Matches
46,George Boateng,nl NED,MF,Middlesbrough,28,1975,25,25,"2,247",25,3,2,5,3,0,0,8,0,0.12,0.08,0.2,0.12,0.2,Matches
47,Carlos Bocanegra,us USA,DF,Fulham,25,1979,27,26,"2,346",26.1,1,0,1,1,0,0,3,0,0.04,0,0.04,0.04,0.04,Matches
48,Gary Borrowdale,eng ENG,DF,Crystal Palace,19,1985,7,2,278,3.1,0,0,0,0,0,0,0,0,0,0,0,0,0,Matches
49,Paul Bosvelt,nl NED,"DF,MF",Manchester City,34,1970,28,28,"2,435",27.1,2,0,2,2,0,0,6,0,0.07,0,0.07,0.07,0.07,Matches
50,Jay Bothroyd,eng ENG,FW,Blackburn,22,1982,11,5,488,5.4,1,0,1,1,0,0,0,1,0.18,0,0.18,0.18,0.18,Matches
51,Papa Bouba Diop,sn SEN,"DF,MF",Fulham,26,1978,29,29,"2,516",28,5,0,5,5,0,0,8,2,0.18,0,0.18,0.18,0.18,Matches
52,Jean-Alain Boumsong,fr FRA,DF,Newcastle Utd,24,1979,14,14,"1,237",13.7,0,0,0,0,0,0,1,0,0,0,0,0,0,Matches
53,Lee Bowyer,eng ENG,MF,Newcastle Utd,27,1977,27,26,"2,179",24.2,3,3,6,3,0,0,7,2,0.12,0.12,0.25,0.12,0.25,Matches
54,Emmerson Boyce,bb BRB,DF,Crystal Palace,24,1979,27,26,"2,342",26,0,1,1,0,0,0,2,0,0,0.04,0.04,0,0.04,Matches
55,Titus Bramble,eng ENG,DF,Newcastle Utd,23,1981,19,18,"1,650",18.3,1,1,2,1,0,0,2,0,0.05,0.05,0.11,0.05,0.11,Matches
56,Jim Brennan,ca CAN,"DF,MF",Norwich City,27,1977,10,6,603,6.7,0,0,0,0,0,0,0,0,0,0,0,0,0,Matches
57,Wayne Bridge,eng ENG,DF,Chelsea,23,1980,15,12,"1,150",12.8,0,0,0,0,0,0,0,0,0,0,0,0,0,Matches
58,Michael Brown,eng ENG,MF,Tottenham,27,1977,24,20,"1,713",19,1,3,4,1,0,0,8,0,0.05,0.16,0.21,0.05,0.21,Matches
59,Wes Brown,eng ENG,DF,Manchester Utd,24,1979,21,18,"1,641",18.2,1,0,1,1,0,0,3,1,0.05,0,0.05,0.05,0.05,Matches
60,Goran Bunjevčević,rs SRB,DF,Tottenham,31,1973,3,2,186,2.1,0,0,0,0,0,0,1,0,0,0,0,0,0,Matches
61,Nicky Butt,eng ENG,"DF,MF",Newcastle Utd,29,1975,18,16,"1,424",15.8,1,1,2,1,0,0,3,0,0.06,0.06,0.13,0.06,0.13,Matches
62,Danny Butterfield,eng ENG,"DF,MF",Crystal Palace,24,1979,7,7,545,6.1,0,0,0,0,0,0,2,0,0,0,0,0,0,Matches
63,Tim Cahill,au AUS,"FW,MF",Everton,24,1979,33,33,"2,668",29.6,11,5,16,11,0,0,11,1,0.37,0.17,0.54,0.37,0.54,Matches
64,Henri Camara,sn SEN,FW,Southampton,27,1977,13,10,910,10.1,4,0,4,4,0,0,2,0,0.4,0,0.4,0.4,0.4,Matches
65,Kevin Campbell,eng ENG,FW,West Brom,34,1970,16,16,"1,304",14.5,3,1,4,3,0,0,0,0,0.21,0.07,0.28,0.21,0.28,Matches
66,Kevin Campbell,eng ENG,FW,Everton,34,1970,6,4,307,3.4,0,0,0,0,0,0,0,0,0,0,0,0,0,Matches
67,Sol Campbell,eng ENG,"DF,FW",Arsenal,29,1974,16,16,"1,421",15.8,1,0,1,1,0,0,1,0,0.06,0,0.06,0.06,0.06,Matches
68,Iván Campo,es ESP,"DF,MF",Bolton,30,1974,27,20,"1,717",19.1,0,0,0,0,0,0,4,0,0,0,0,0,0,Matches
69,Vincent Candela,fr FRA,"DF,MF",Bolton,30,1973,10,9,780,8.7,0,0,0,0,0,0,3,0,0,0,0,0,0,Matches
70,Stephen Carr,ie IRL,DF,Newcastle Utd,27,1976,26,26,"2,131",23.7,1,1,2,1,0,0,5,0,0.04,0.04,0.08,0.04,0.08,Matches
71,Jamie Carragher,eng ENG,"DF,MF",Liverpool,26,1978,38,38,"3,420",38,0,2,2,0,0,0,4,0,0,0.05,0.05,0,0.05,Matches
72,Michael Carrick,eng ENG,MF,Tottenham,23,1981,29,26,"2,373",26.4,0,4,4,0,0,0,1,0,0,0.15,0.15,0,0.15,Matches
73,Roy Carroll,nir NIR,GK,Manchester Utd,26,1977,26,26,"2,340",26,0,0,0,0,0,0,0,0,0,0,0,0,0,Matches
74,Lee Carsley,ie IRL,MF,Everton,30,1974,36,35,"3,029",33.7,4,2,6,4,0,0,7,0,0.12,0.06,0.18,0.12,0.18,Matches
75,Scott Carson,eng ENG,GK,Liverpool,18,1985,4,4,360,4,0,0,0,0,0,0,0,0,0,0,0,0,0,Matches
76,Darren Carter,eng ENG,"DF,MF",Birmingham City,20,1983,15,12,"1,040",11.6,2,1,3,2,0,0,1,0,0.17,0.09,0.26,0.17,0.26,Matches
77,Ricardo Carvalho,pt POR,DF,Chelsea,26,1978,25,22,"1,969",21.9,1,0,1,1,0,0,2,0,0.05,0,0.05,0.05,0.05,Matches
78,Petr Čech,cz CZE,GK,Chelsea,22,1982,35,35,"3,150",35,0,0,0,0,0,0,0,0,0,0,0,0,0,Matches
79,Radek Černý,cz CZE,GK,Tottenham,30,1974,3,2,206,2.3,0,0,0,0,0,0,0,0,0,0,0,0,0,Matches
80,Júlio César,br BRA,DF,Bolton,25,1978,5,4,361,4,0,0,0,0,0,0,0,0,0,0,0,0,0,Matches
81,Nick Chadwick,eng ENG,FW,Everton,21,1982,1,0,1,0,0,0,0,0,0,0,0,0,0,0,0,0,0,Matches
82,Kostas Chalkias,gr GRE,GK,Portsmouth,30,1974,5,5,450,5,0,0,0,0,0,0,0,0,0,0,0,0,0,Matches
83,Richard Chaplow,eng ENG,MF,West Brom,19,1985,4,3,247,2.7,0,0,0,0,0,0,0,0,0,0,0,0,0,Matches
84,Simon Charlton,eng ENG,DF,Norwich City,32,1971,24,22,"1,878",20.9,1,0,1,1,0,0,1,0,0.05,0,0.05,0.05,0.05,Matches
85,Michael Chopra,eng ENG,FW,Newcastle Utd,20,1983,1,0,15,0.2,0,0,0,0,0,,0,0,0,0,0,0,0,Matches
86,Malcolm Christie,eng ENG,FW,Middlesbrough,25,1979,2,2,135,1.5,1,0,1,1,0,0,0,0,0.67,0,0.67,0.67,0.67,Matches
87,Aliou Cissé,sn SEN,"DF,MF",Portsmouth,28,1976,20,12,"1,156",12.8,0,1,1,0,0,0,0,0,0,0.08,0.08,0,0.08,Matches
88,Djibril Cissé,fr FRA,FW,Liverpool,22,1981,16,10,932,10.4,4,1,5,3,1,1,0,0,0.39,0.1,0.48,0.29,0.39,Matches
89,Jamie Clapham,eng ENG,DF,Birmingham City,28,1975,27,18,"1,673",18.6,0,0,0,0,0,0,0,0,0,0,0,0,0,Matches
90,Lee Clark,eng ENG,MF,Fulham,31,1972,17,15,"1,420",15.8,1,2,3,1,0,0,2,0,0.06,0.13,0.19,0.06,0.19,Matches
91,Stephen Clemence,eng ENG,MF,Birmingham City,26,1978,22,13,"1,300",14.4,0,0,0,0,0,0,3,0,0,0,0,0,0,Matches
92,Neil Clement,eng ENG,DF,West Brom,25,1978,35,35,"3,103",34.5,3,0,3,3,0,0,2,1,0.09,0,0.09,0.09,0.09,Matches
93,Gaël Clichy,fr FRA,DF,Arsenal,19,1985,15,7,774,8.6,0,1,1,0,0,0,2,0,0,0.12,0.12,0,0.12,Matches
94,Andy Cole,eng ENG,FW,Fulham,32,1971,31,29,"2,501",27.8,12,4,16,11,1,2,4,1,0.43,0.14,0.58,0.4,0.54,Matches
95,Ashley Cole,eng ENG,DF,Arsenal,23,1980,35,35,"3,150",35,2,1,3,2,0,0,7,0,0.06,0.03,0.09,0.06,0.09,Matches
96,Carlton Cole,eng ENG,FW,Aston Villa,20,1983,27,18,"1,511",16.8,3,4,7,3,0,0,1,0,0.18,0.24,0.42,0.18,0.42,Matches
97,Joe Cole,eng ENG,MF,Chelsea,22,1981,28,19,"1,629",18.1,8,2,10,8,0,0,5,0,0.44,0.11,0.55,0.44,0.55,Matches
98,Cosmin Contra,ro ROU,"DF,MF",West Brom,28,1975,5,5,297,3.3,0,1,1,0,0,0,0,1,0,0.3,0.3,0,0.3,Matches
99,Colin Cooper,eng ENG,DF,Middlesbrough,37,1967,15,11,"1,044",11.6,0,0,0,0,0,0,0,0,0,0,0,0,0,Matches
100,Martin Cranie,eng ENG,DF,Southampton,17,1986,3,3,270,3,0,0,0,0,0,0,0,0,0,0,0,0,0,Matches
101,Lee Croft,eng ENG,MF,Manchester City,19,1985,7,0,77,0.9,0,1,1,0,0,0,0,0,0,1.17,1.17,0,1.17,Matches
102,Mark Crossley,wls WAL,GK,Fulham,35,1969,5,5,433,4.8,0,0,0,0,0,0,0,0,0,0,0,0,0,Matches
103,Peter Crouch,eng ENG,FW,Southampton,23,1981,27,18,"1,790",19.9,12,6,18,11,1,1,1,1,0.6,0.3,0.91,0.55,0.85,Matches
104,Danny Crow,eng ENG,FW,Norwich City,18,1986,3,0,41,0.5,0,0,0,0,0,0,0,0,0,0,0,0,0,Matches
105,Carlo Cudicini,it ITA,GK,Chelsea,30,1973,3,3,270,3,0,0,0,0,0,0,0,0,0,0,0,0,0,Matches
106,Kenny Cunningham,ie IRL,DF,Birmingham City,33,1971,36,36,"3,168",35.2,0,0,0,0,0,0,3,0,0,0,0,0,0,Matches
107,John Curtis,eng ENG,DF,Portsmouth,25,1978,1,0,21,0.2,0,0,0,0,0,,0,0,0,0,0,0,0,Matches
108,Pascal Cygan,fr FRA,DF,Arsenal,30,1974,15,15,"1,284",14.3,0,0,0,0,0,0,2,0,0,0,0,0,0,Matches
109,Calum Davenport,eng ENG,DF,Southampton,21,1983,7,5,501,5.6,0,0,0,0,0,0,0,0,0,0,0,0,0,Matches
110,Calum Davenport,eng ENG,DF,Tottenham,21,1983,1,0,8,0.1,0,0,0,0,0,0,0,0,0,0,0,0,0,Matches
111,Andrew Davies,eng ENG,DF,Middlesbrough,19,1984,3,2,233,2.6,0,0,0,0,0,0,0,0,0,0,0,0,0,Matches
112,Kevin Davies,eng ENG,FW,Bolton,27,1977,35,33,"2,838",31.5,8,2,10,8,0,0,5,0,0.25,0.06,0.32,0.25,0.32,Matches
113,Simon Davies,wls WAL,MF,Tottenham,24,1979,21,17,"1,629",18.1,0,3,3,0,0,0,0,0,0,0.17,0.17,0,0.17,Matches
114,Sean Davis,eng ENG,MF,Tottenham,24,1979,15,11,"1,028",11.4,0,2,2,0,0,0,4,0,0,0.18,0.18,0,0.18,Matches
115,Steven Davis,nir NIR,MF,Aston Villa,19,1985,28,19,"1,892",21,1,0,1,1,0,0,2,0,0.05,0,0.05,0.05,0.05,Matches
116,Michael Dawson,eng ENG,DF,Tottenham,20,1983,5,5,450,5,0,0,0,0,0,0,2,0,0,0,0,0,0,Matches
117,Jermain Defoe,eng ENG,FW,Tottenham,21,1982,35,28,"2,525",28.1,13,2,15,13,0,0,5,0,0.46,0.07,0.53,0.46,0.53,Matches
118,Mark Delaney,wls WAL,DF,Aston Villa,28,1976,30,30,"2,544",28.3,0,1,1,0,0,0,3,0,0,0.04,0.04,0,0.04,Matches
119,Rory Delap,ie IRL,MF,Southampton,28,1976,37,34,"3,028",33.6,2,4,6,2,0,0,5,0,0.06,0.12,0.18,0.06,0.18,Matches
120,Edwin van der Sar,nl NED,GK,Fulham,33,1970,34,33,"2,987",33.2,0,0,0,0,0,0,4,0,0,0,0,0,0,Matches
121,Matt Derbyshire,eng ENG,FW,Blackburn,18,1986,1,0,9,0.1,0,0,0,0,0,,0,0,0,0,0,0,0,Matches
122,Shaun Derry,eng ENG,MF,Crystal Palace,26,1977,7,1,119,1.3,0,0,0,0,0,0,1,0,0,0,0,0,0,Matches
123,Salif Diao,sn SEN,MF,Liverpool,27,1977,8,4,417,4.6,0,0,0,0,0,0,1,0,0,0,0,0,0,Matches
124,Salif Diao,sn SEN,MF,Birmingham City,27,1977,2,2,157,1.7,0,0,0,0,0,0,1,0,0,0,0,0,0,Matches
125,Paul Dickov,sct SCO,FW,Blackburn,31,1972,29,27,"2,358",26.2,9,2,11,7,2,3,7,0,0.34,0.08,0.42,0.27,0.34,Matches
126,Sylvain Distin,fr FRA,DF,Manchester City,26,1977,38,38,"3,402",37.8,1,0,1,1,0,0,3,0,0.03,0,0.03,0.03,0.03,Matches
127,Eric Djemba-Djemba,cm CMR,MF,Manchester Utd,23,1981,5,3,281,3.1,0,0,0,0,0,0,0,0,0,0,0,0,0,Matches
128,Eric Djemba-Djemba,cm CMR,MF,Aston Villa,23,1981,6,4,357,4,0,0,0,0,0,0,2,0,0,0,0,0,0,Matches
129,Youri Djorkaeff,fr FRA,"FW,MF",Blackburn,36,1968,3,3,202,2.2,0,1,1,0,0,0,0,0,0,0.45,0.45,0,0.45,Matches
130,Scott Dobie,sct SCO,FW,West Brom,25,1978,5,1,183,2,1,0,1,1,0,0,0,0,0.49,0,0.49,0.49,0.49,Matches
131,Jason Dodd,eng ENG,DF,Southampton,33,1970,5,4,367,4.1,0,1,1,0,0,0,0,0,0,0.25,0.25,0,0.25,Matches
132,Gary Doherty,ie IRL,"DF,FW",Norwich City,24,1980,20,17,"1,499",16.7,2,0,2,2,0,0,0,0,0.12,0,0.12,0.12,0.12,Matches
133,Gary Doherty,ie IRL,"DF,FW",Tottenham,24,1980,1,0,21,0.2,0,0,0,0,0,0,1,0,0,0,0,0,0,Matches
134,Doriva,br BRA,MF,Middlesbrough,32,1972,26,15,"1,476",16.4,0,0,0,0,0,0,4,0,0,0,0,0,0,Matches
135,Jonathan Douglas,ie IRL,MF,Blackburn,22,1981,1,0,45,0.5,0,0,0,0,0,,0,0,0,0,0,0,0,Matches
136,Stewart Downing,eng ENG,"FW,MF",Middlesbrough,20,1984,35,28,"2,702",30,5,11,16,5,0,0,1,0,0.17,0.37,0.53,0.17,0.53,Matches
137,Didier Drogba,ci CIV,FW,Chelsea,26,1978,26,18,"1,632",18.1,10,5,15,10,0,0,2,0,0.55,0.28,0.83,0.55,0.83,Matches
138,Adam Drury,eng ENG,DF,Norwich City,25,1978,33,31,"2,815",31.3,1,2,3,1,0,0,2,0,0.03,0.06,0.1,0.03,0.1,Matches
139,Jerzy Dudek,pl POL,GK,Liverpool,31,1973,24,24,"2,160",24,0,0,0,0,0,0,0,0,0,0,0,0,0,Matches
140,Damien Duff,ie IRL,"FW,MF",Chelsea,25,1979,30,28,"2,396",26.6,6,7,13,6,0,0,1,0,0.23,0.26,0.49,0.23,0.49,Matches
141,David Dunn,eng ENG,MF,Birmingham City,24,1979,11,9,722,8,2,3,5,2,0,0,4,0,0.25,0.37,0.62,0.25,0.62,Matches
142,Richard Dunne,ie IRL,DF,Manchester City,24,1979,35,35,"3,120",34.7,1,3,4,1,0,0,6,1,0.03,0.09,0.12,0.03,0.12,Matches
143,Kieron Dyer,eng ENG,MF,Newcastle Utd,25,1978,23,20,"1,757",19.5,4,0,4,4,0,0,0,1,0.2,0,0.2,0.2,0.2,Matches
144,Lloyd Dyer,eng ENG,MF,West Brom,21,1982,4,0,83,0.9,0,0,0,0,0,,0,0,0,0,0,0,0,Matches
145,Robert Earnshaw,wls WAL,FW,West Brom,23,1981,31,18,"1,717",19.1,11,1,12,9,2,3,0,0,0.58,0.05,0.63,0.47,0.52,Matches
146,Emmanuel Eboué,ci CIV,"DF,MF",Arsenal,21,1983,1,0,15,0.2,0,0,0,0,0,0,0,0,0,0,0,0,0,Matches
147,Erik Edman,se SWE,DF,Tottenham,25,1978,28,28,"2,382",26.5,1,2,3,1,0,0,3,0,0.04,0.08,0.11,0.04,0.11,Matches
148,Marc Edworthy,eng ENG,DF,Norwich City,31,1972,28,27,"2,345",26.1,0,0,0,0,0,0,1,1,0,0,0,0,0,Matches
149,Ugo Ehiogu,eng ENG,DF,Middlesbrough,31,1972,10,9,708,7.9,0,0,0,0,0,0,1,0,0,0,0,0,0,Matches
150,Robbie Elliott,eng ENG,DF,Newcastle Utd,30,1973,17,15,"1,326",14.7,1,0,1,1,0,0,5,0,0.07,0,0.07,0.07,0.07,Matches
151,Brett Emerton,au AUS,"DF,MF",Blackburn,25,1979,37,33,"3,088",34.3,4,4,8,4,0,0,4,0,0.12,0.12,0.23,0.12,0.23,Matches
152,Jason Euell,jm JAM,"FW,MF",Charlton Ath,27,1977,26,7,950,10.6,2,2,4,2,0,0,1,0,0.19,0.19,0.38,0.19,0.38,Matches
153,Cesc Fàbregas,es ESP,"FW,MF",Arsenal,17,1987,33,24,"2,117",23.5,2,5,7,2,0,0,4,0,0.09,0.21,0.3,0.09,0.3,Matches
154,Khalilou Fadiga,sn SEN,MF,Bolton,29,1974,5,0,120,1.3,0,0,0,0,0,0,0,0,0,0,0,0,0,Matches
155,Amdy Faye,sn SEN,"DF,MF",Portsmouth,27,1977,20,17,"1,531",17,0,0,0,0,0,0,4,1,0,0,0,0,0,Matches
156,Amdy Faye,sn SEN,"DF,MF",Newcastle Utd,27,1977,9,8,704,7.8,0,0,0,0,0,0,3,0,0,0,0,0,0,Matches
157,Les Ferdinand,eng ENG,FW,Bolton,37,1966,12,1,258,2.9,1,1,2,1,0,0,1,0,0.35,0.35,0.7,0.35,0.7,Matches
158,Rio Ferdinand,eng ENG,DF,Manchester Utd,25,1978,31,31,"2,790",31,0,2,2,0,0,0,3,0,0,0.06,0.06,0,0.06,Matches
159,Barry Ferguson,sct SCO,MF,Blackburn,26,1978,21,21,"1,890",21,2,1,3,2,0,0,4,0,0.1,0.05,0.14,0.1,0.14,Matches
160,Duncan Ferguson,sct SCO,FW,Everton,32,1971,35,6,"1,196",13.3,5,3,8,5,0,0,2,1,0.38,0.23,0.6,0.38,0.6,Matches
161,Fabrice Fernandes,fr FRA,MF,Southampton,24,1979,16,14,"1,111",12.3,0,4,4,0,0,0,0,0,0,0.32,0.32,0,0.32,Matches
162,Paulo Ferreira,pt POR,DF,Chelsea,25,1979,29,29,"2,610",29,0,0,0,0,0,0,2,0,0,0,0,0,0,Matches
163,Steve Finnan,ie IRL,DF,Liverpool,28,1976,33,29,"2,546",28.3,1,1,2,1,0,0,3,0,0.04,0.04,0.07,0.04,0.07,Matches
164,Mark Fish,za RSA,"DF,FW",Charlton Ath,30,1974,7,6,509,5.7,0,0,0,0,0,0,0,0,0,0,0,0,0,Matches
165,Mathieu Flamini,fr FRA,MF,Arsenal,20,1984,21,9,951,10.6,1,1,2,1,0,0,1,0,0.09,0.09,0.19,0.09,0.19,Matches
166,Craig Fleming,eng ENG,DF,Norwich City,32,1971,38,38,"3,420",38,1,2,3,1,0,0,2,0,0.03,0.05,0.08,0.03,0.08,Matches
167,Darren Fletcher,sct SCO,MF,Manchester Utd,20,1984,18,18,"1,370",15.2,3,2,5,3,0,0,0,0,0.2,0.13,0.33,0.2,0.33,Matches
168,Garry Flitcroft,eng ENG,MF,Blackburn,31,1972,19,17,"1,443",16,0,0,0,0,0,0,4,0,0,0,0,0,0,Matches
169,Willo Flood,ie IRL,"DF,MF",Manchester City,19,1985,9,4,381,4.2,1,0,1,1,0,0,1,0,0.24,0,0.24,0.24,0.24,Matches
170,Jimmy Floyd Hasselbaink,nl NED,FW,Middlesbrough,32,1972,36,36,"3,236",36,13,7,20,13,0,0,2,0,0.36,0.19,0.56,0.36,0.56,Matches
171,Yoann Folly,tg TOG,MF,Southampton,19,1985,3,1,129,1.4,0,0,0,0,0,,0,0,0,0,0,0,0,Matches
172,Liam Fontaine,eng ENG,DF,Fulham,18,1986,1,0,2,0,0,0,0,0,0,0,0,0,0,0,0,0,0,Matches
173,Diego Forlán,uy URU,"FW,MF",Manchester Utd,25,1979,1,0,17,0.2,0,0,0,0,0,0,0,0,0,0,0,0,0,Matches
174,Mikael Forssell,fi FIN,FW,Birmingham City,23,1981,4,4,329,3.7,0,1,1,0,0,0,0,0,0,0.27,0.27,0,0.27,Matches
175,Mikael Forssell,fi FIN,FW,Chelsea,23,1981,1,0,24,0.3,0,0,0,0,0,0,0,0,0,0,0,0,0,Matches
176,Jonathan Fortune,eng ENG,DF,Charlton Ath,23,1980,31,28,"2,586",28.7,2,0,2,2,0,0,1,0,0.07,0,0.07,0.07,0.07,Matches
177,Quinton Fortune,za RSA,MF,Manchester Utd,27,1977,17,12,"1,041",11.6,0,0,0,0,0,0,1,0,0,0,0,0,0,Matches
178,Robbie Fowler,eng ENG,FW,Manchester City,29,1975,32,28,"2,495",27.7,11,5,16,9,2,3,3,0,0.4,0.18,0.58,0.32,0.51,Matches
179,Damien Francis,jm JAM,MF,Norwich City,25,1979,32,32,"2,866",31.8,7,1,8,7,0,0,3,0,0.22,0.03,0.25,0.22,0.25,Matches
180,Dougie Freedman,sct SCO,FW,Crystal Palace,30,1974,20,10,888,9.9,1,0,1,1,0,0,0,0,0.1,0,0.1,0.1,0.1,Matches
181,Brad Friedel,us USA,GK,Blackburn,33,1971,38,38,"3,420",38,0,0,0,0,0,0,0,0,0,0,0,0,0,Matches
182,Ricardo Fuller,jm JAM,FW,Portsmouth,24,1979,31,13,"1,470",16.3,1,1,2,1,0,0,4,0,0.06,0.06,0.12,0.06,0.12,Matches
183,Thomas Gaardsøe,dk DEN,DF,West Brom,24,1979,29,25,"2,139",23.8,0,0,0,0,0,0,2,1,0,0,0,0,0,Matches
184,Paul Gallagher,sct SCO,"FW,MF",Blackburn,19,1984,16,5,524,5.8,2,1,3,2,0,0,0,0,0.34,0.17,0.52,0.34,0.52,Matches
185,William Gallas,fr FRA,DF,Chelsea,26,1977,28,28,"2,446",27.2,2,1,3,2,0,0,1,0,0.07,0.04,0.11,0.07,0.11,Matches
186,Morten Gamst Pedersen,no NOR,"FW,MF",Blackburn,22,1981,19,19,"1,546",17.2,4,3,7,4,0,0,1,0,0.23,0.17,0.41,0.23,0.41,Matches
187,Luis García,es ESP,MF,Liverpool,26,1978,29,26,"2,344",26,8,4,12,8,0,0,6,0,0.31,0.15,0.46,0.31,0.46,Matches
188,Anthony Gardner,eng ENG,DF,Tottenham,23,1980,17,8,830,9.2,0,0,0,0,0,0,0,0,0,0,0,0,0,Matches
189,Ricardo Gardner,jm JAM,"DF,MF",Bolton,25,1978,33,30,"2,677",29.7,0,1,1,0,0,0,3,0,0,0.03,0.03,0,0.03,Matches
190,Edu Gaspar,br BRA,MF,Arsenal,26,1978,12,6,590,6.6,2,1,3,1,1,1,1,0,0.31,0.15,0.46,0.15,0.31,Matches
191,Zoltán Gera,hu HUN,MF,West Brom,25,1979,37,31,"2,710",30.1,6,3,9,6,0,0,4,0,0.2,0.1,0.3,0.2,0.3,Matches
192,Geremi,cm CMR,"DF,MF",Chelsea,25,1978,13,6,592,6.6,0,0,0,0,0,0,1,0,0,0,0,0,0,Matches
193,Steven Gerrard,eng ENG,MF,Liverpool,24,1980,30,28,"2,463",27.4,7,4,11,7,0,1,3,0,0.26,0.15,0.4,0.26,0.4,Matches
194,Stelios Giannakopoulos,gr GRE,"FW,MF",Bolton,30,1974,34,28,"2,368",26.3,7,4,11,7,0,0,5,0,0.27,0.15,0.42,0.27,0.42,Matches
195,Ryan Giggs,wls WAL,"FW,MF",Manchester Utd,30,1973,32,26,"2,321",25.8,6,9,15,6,0,0,3,0,0.23,0.35,0.58,0.23,0.58,Matches
196,Shay Given,ie IRL,GK,Newcastle Utd,28,1976,36,36,"3,240",36,0,0,0,0,0,0,1,0,0,0,0,0,0,Matches
197,Alain Goma,fr FRA,DF,Fulham,31,1972,16,15,"1,403",15.6,0,0,0,0,0,0,2,0,0,0,0,0,0,Matches
198,Danny Graham,eng ENG,FW,Middlesbrough,18,1985,11,0,129,1.4,1,0,1,1,0,0,0,0,0.7,0,0.7,0.7,0.7,Matches
199,Anthony Grant,jm JAM,"DF,MF",Chelsea,17,1987,1,0,1,0,0,0,0,0,0,,0,0,0,0,0,0,0,Matches
200,Danny Granville,eng ENG,DF,Crystal Palace,29,1975,35,35,"3,114",34.6,3,0,3,3,0,0,7,0,0.09,0,0.09,0.09,0.09,Matches
201,Thomas Gravesen,dk DEN,MF,Everton,28,1976,21,20,"1,814",20.2,4,6,10,2,2,2,3,0,0.2,0.3,0.5,0.1,0.4,Matches
202,Julian Gray,eng ENG,"FW,MF",Birmingham City,24,1979,32,18,"1,919",21.3,2,0,2,2,0,0,0,0,0.09,0,0.09,0.09,0.09,Matches
203,Michael Gray,eng ENG,"DF,MF",Blackburn,29,1974,9,9,803,8.9,0,0,0,0,0,0,0,0,0,0,0,0,0,Matches
204,Adam Green,eng ENG,DF,Fulham,20,1984,4,4,360,4,0,1,1,0,0,0,2,0,0,0.25,0.25,0,0.25,Matches
205,Robert Green,eng ENG,GK,Norwich City,24,1980,38,38,"3,392",37.7,0,0,0,0,0,0,0,0,0,0,0,0,0,Matches
206,Jonathan Greening,eng ENG,MF,West Brom,25,1979,34,32,"2,837",31.5,0,9,9,0,0,0,4,1,0,0.29,0.29,0,0.29,Matches
207,Vratislav Greško,sk SVK,DF,Blackburn,27,1977,3,2,137,1.5,0,0,0,0,0,0,0,0,0,0,0,0,0,Matches
208,Andy Griffin,eng ENG,DF,Portsmouth,25,1979,22,18,"1,609",17.9,0,0,0,0,0,0,7,0,0,0,0,0,0,Matches
209,Léandre Griffit,fr FRA,"FW,MF",Southampton,20,1984,2,0,34,0.4,0,0,0,0,0,,0,0,0,0,0,0,0,Matches
210,Jesper Grønkjær,dk DEN,"FW,MF",Birmingham City,26,1977,16,13,"1,143",12.7,0,1,1,0,0,0,1,0,0,0.08,0.08,0,0.08,Matches
211,Eiður Guðjohnsen,is ISL,"FW,MF",Chelsea,25,1978,37,30,"2,494",27.7,12,6,18,11,1,1,1,0,0.43,0.22,0.65,0.4,0.61,Matches
212,Bernt Haas,ch SUI,DF,West Brom,26,1978,10,9,756,8.4,0,0,0,0,0,0,1,0,0,0,0,0,0,Matches
213,El Hadji Diouf,sn SEN,"FW,MF",Bolton,23,1981,27,23,"2,043",22.7,9,4,13,8,1,2,7,0,0.4,0.18,0.57,0.35,0.53,Matches
214,Fitz Hall,eng ENG,"DF,FW",Crystal Palace,23,1980,36,36,"3,171",35.2,2,0,2,2,0,0,3,0,0.06,0,0.06,0.06,0.06,Matches
215,Dietmar Hamann,de GER,MF,Liverpool,30,1973,30,23,"2,026",22.5,0,6,6,0,0,0,6,0,0,0.27,0.27,0,0.27,Matches
216,Elvis Hammond,gh GHA,FW,Fulham,23,1980,1,0,34,0.4,0,0,0,0,0,0,0,0,0,0,0,0,0,Matches
217,Steve Harper,eng ENG,GK,Newcastle Utd,29,1975,2,2,180,2,0,0,0,0,0,0,0,0,0,0,0,0,0,Matches
218,Gabriel Heinze,ar ARG,DF,Manchester Utd,26,1978,26,26,"2,287",25.4,1,1,2,1,0,0,4,0,0.04,0.04,0.08,0.04,0.08,Matches
219,Thomas Helveg,dk DEN,DF,Norwich City,33,1971,20,16,"1,338",14.9,0,2,2,0,0,0,6,0,0,0.13,0.13,0,0.13,Matches
220,Ian Henderson,eng ENG,"FW,MF",Norwich City,19,1985,3,0,55,0.6,0,0,0,0,0,0,0,0,0,0,0,0,0,Matches
221,Lee Hendrie,eng ENG,MF,Aston Villa,27,1977,29,25,"2,062",22.9,5,2,7,5,0,0,9,1,0.22,0.09,0.31,0.22,0.31,Matches
222,Thierry Henry,fr FRA,FW,Arsenal,26,1977,32,31,"2,826",31.4,25,14,39,25,0,1,2,0,0.8,0.45,1.24,0.8,1.24,Matches
223,Emile Heskey,eng ENG,FW,Birmingham City,26,1978,34,34,"2,872",31.9,10,4,14,10,0,0,6,0,0.31,0.13,0.44,0.31,0.44,Matches
224,Tony Hibbert,eng ENG,DF,Everton,23,1981,36,35,"3,185",35.4,0,1,1,0,0,0,9,0,0,0.03,0.03,0,0.03,Matches
225,Fernando Hierro,es ESP,"DF,MF",Bolton,36,1968,29,15,"1,424",15.8,1,1,2,1,0,0,3,0,0.06,0.06,0.13,0.06,0.13,Matches
226,Danny Higginbotham,gi GIB,DF,Southampton,25,1978,21,20,"1,807",20.1,1,0,1,1,0,0,0,0,0.05,0,0.05,0.05,0.05,Matches
227,Shaka Hislop,tt TRI,GK,Portsmouth,35,1969,17,17,"1,530",17,0,0,0,0,0,0,0,0,0,0,0,0,0,Matches
228,Thomas Hitzlsperger,de GER,MF,Aston Villa,22,1982,28,17,"1,582",17.6,2,2,4,2,0,0,1,0,0.11,0.11,0.23,0.11,0.23,Matches
229,Matt Holland,ie IRL,MF,Charlton Ath,30,1974,32,31,"2,692",29.9,3,1,4,3,0,0,0,0,0.1,0.03,0.13,0.1,0.13,Matches
230,Gary Holt,sct SCO,MF,Norwich City,31,1973,27,21,"1,916",21.3,0,1,1,0,0,0,0,0,0,0.05,0.05,0,0.05,Matches
231,Geoff Horsfield,eng ENG,FW,West Brom,30,1973,29,18,"1,621",18,3,3,6,3,0,0,2,0,0.17,0.17,0.33,0.17,0.33,Matches
232,Russell Hoult,eng ENG,GK,West Brom,31,1972,36,36,"3,172",35.2,0,0,0,0,0,0,1,0,0,0,0,0,0,Matches
233,Tim Howard,us USA,GK,Manchester Utd,25,1979,12,12,"1,080",12,0,0,0,0,0,0,0,0,0,0,0,0,0,Matches
234,Justin Hoyte,tt TRI,DF,Arsenal,19,1984,5,4,371,4.1,0,0,0,0,0,0,0,0,0,0,0,0,0,Matches
235,Hermann Hreiðarsson,is ISL,DF,Charlton Ath,30,1974,34,33,"2,959",32.9,1,3,4,1,0,0,4,0,0.03,0.09,0.12,0.03,0.12,Matches
236,Darren Huckerby,eng ENG,"FW,MF",Norwich City,28,1976,37,36,"3,186",35.4,6,6,12,4,2,3,0,0,0.17,0.17,0.34,0.11,0.28,Matches
237,Mark Hudson,eng ENG,DF,Crystal Palace,22,1982,7,7,630,7,1,0,1,1,0,0,1,0,0.14,0,0.14,0.14,0.14,Matches
238,Aaron Hughes,nir NIR,DF,Newcastle Utd,24,1979,22,18,"1,676",18.6,1,0,1,1,0,0,0,0,0.05,0,0.05,0.05,0.05,Matches
239,Bryan Hughes,eng ENG,MF,Charlton Ath,28,1976,17,10,963,10.7,1,0,1,1,0,0,1,0,0.09,0,0.09,0.09,0.09,Matches
240,Michael Hughes,nir NIR,MF,Crystal Palace,32,1971,36,34,"3,014",33.5,2,2,4,2,0,0,9,0,0.06,0.06,0.12,0.06,0.12,Matches
241,Richard Hughes,sct SCO,MF,Portsmouth,25,1979,16,13,"1,143",12.7,0,0,0,0,0,0,4,0,0,0,0,0,0,Matches
242,Robert Hulse,eng ENG,FW,West Brom,24,1979,5,0,90,1,0,0,0,0,0,0,0,0,0,0,0,0,0,Matches
243,Nicky Hunt,eng ENG,DF,Bolton,20,1983,29,29,"2,412",26.8,0,3,3,0,0,0,5,0,0,0.11,0.11,0,0.11,Matches
244,Robert Huth,de GER,DF,Chelsea,19,1984,10,6,541,6,0,0,0,0,0,0,0,0,0,0,0,0,0,Matches
245,Sami Hyypiä,fi FIN,DF,Liverpool,30,1973,32,32,"2,781",30.9,2,0,2,2,0,0,2,0,0.06,0,0.06,0.06,0.06,Matches
246,Philip Ifil,eng ENG,DF,Tottenham,17,1986,2,2,180,2,0,0,0,0,0,0,0,0,0,0,0,0,0,Matches
247,Junichi Inamoto,jp JPN,MF,West Brom,24,1979,3,0,119,1.3,0,0,0,0,0,0,0,0,0,0,0,0,0,Matches
248,Muzzy Izzet,tr TUR,MF,Birmingham City,29,1974,10,10,816,9.1,1,1,2,1,0,0,3,1,0.11,0.11,0.22,0.11,0.22,Matches
249,Jussi Jääskeläinen,fi FIN,GK,Bolton,29,1975,36,36,"3,236",36,0,0,0,0,0,0,1,1,0,0,0,0,0,Matches
250,Johnnie Jackson,eng ENG,MF,Tottenham,21,1982,8,3,274,3,0,0,0,0,0,0,1,0,0,0,0,0,0,Matches
251,Radhi Jaïdi,tn TUN,DF,Bolton,28,1975,27,20,"1,837",20.4,5,1,6,5,0,0,2,0,0.24,0.05,0.29,0.24,0.29,Matches
252,Andreas Jakobsson,se SWE,"DF,MF",Southampton,31,1972,27,24,"2,031",22.6,2,0,2,2,0,0,1,0,0.09,0,0.09,0.09,0.09,Matches
253,David James,eng ENG,GK,Manchester City,33,1970,38,38,"3,420",38,0,0,0,0,0,0,0,0,0,0,0,0,0,Matches
254,Matt Jansen,eng ENG,FW,Blackburn,26,1977,7,3,298,3.3,2,0,2,2,0,0,0,0,0.6,0,0.6,0.6,0.6,Matches
255,Jiří Jarošík,cz CZE,"DF,MF",Chelsea,26,1977,14,3,436,4.8,0,0,0,0,0,0,1,0,0,0,0,0,0,Matches
256,Ryan Jarvis,eng ENG,FW,Norwich City,18,1986,4,1,114,1.3,1,0,1,1,0,0,0,0,0.79,0,0.79,0.79,0.79,Matches
257,Francis Jeffers,eng ENG,FW,Charlton Ath,23,1981,20,9,862,9.6,3,3,6,3,0,0,2,0,0.31,0.31,0.63,0.31,0.63,Matches
258,Jermaine Jenas,eng ENG,MF,Newcastle Utd,21,1983,31,28,"2,528",28.1,1,3,4,1,0,0,4,0,0.04,0.11,0.14,0.04,0.14,Matches
259,Claus Jensen,dk DEN,MF,Fulham,27,1977,12,10,792,8.8,0,2,2,0,0,0,0,1,0,0.23,0.23,0,0.23,Matches
260,Sun Jihai,cn CHN,DF,Manchester City,26,1977,6,4,333,3.7,0,0,0,0,0,0,0,0,0,0,0,0,0,Matches
261,Joseph-Désiré Job,cm CMR,"FW,MF",Middlesbrough,26,1977,23,10,998,11.1,4,1,5,4,0,0,0,0,0.36,0.09,0.45,0.36,0.45,Matches
262,Jonatan Johansson,fi FIN,FW,Charlton Ath,28,1975,26,15,"1,447",16.1,4,1,5,4,0,0,0,0,0.25,0.06,0.31,0.25,0.31,Matches
263,Nils-Eric Johansson,se SWE,DF,Blackburn,24,1980,22,18,"1,711",19,0,0,0,0,0,0,2,0,0,0,0,0,0,Matches
264,Collins John,nl NED,FW,Fulham,18,1985,27,13,"1,180",13.1,4,0,4,4,0,0,2,0,0.31,0,0.31,0.31,0.31,Matches
265,Stern John,tt TRI,FW,Birmingham City,27,1976,3,0,54,0.6,0,0,0,0,0,,0,0,0,0,0,0,0,Matches
266,Ronny Johnsen,no NOR,DF,Newcastle Utd,35,1969,3,3,235,2.6,0,0,0,0,0,0,2,0,0,0,0,0,0,Matches
267,Andrew Johnson,eng ENG,FW,Crystal Palace,23,1981,37,37,"3,328",37,21,3,24,11,10,12,5,0,0.57,0.08,0.65,0.3,0.38,Matches
268,Andy Johnson,wls WAL,MF,West Brom,30,1974,22,22,"1,848",20.5,0,1,1,0,0,0,3,0,0,0.05,0.05,0,0.05,Matches
269,Damien Johnson,nir NIR,MF,Birmingham City,25,1978,36,36,"3,109",34.5,0,1,1,0,0,0,8,2,0,0.03,0.03,0,0.03,Matches
270,Glen Johnson,eng ENG,DF,Chelsea,19,1984,17,13,"1,159",12.9,0,2,2,0,0,0,2,0,0,0.16,0.16,0,0.16,Matches
271,Jemal Johnson,us USA,"FW,MF",Blackburn,19,1985,3,0,87,1,0,0,0,0,0,0,0,0,0,0,0,0,0,Matches
272,Brad Jones,au AUS,GK,Middlesbrough,22,1982,5,5,450,5,0,0,0,0,0,0,0,0,0,0,0,0,0,Matches
273,Kenwyne Jones,tt TRI,FW,Southampton,19,1984,2,1,47,0.5,0,0,0,0,0,,0,0,0,0,0,0,0,Matches
274,Mattias Jonson,se SWE,"FW,MF",Norwich City,30,1974,28,19,"1,488",16.5,0,2,2,0,0,0,3,1,0,0.12,0.12,0,0.12,Matches
275,Stephen Jordan,eng ENG,DF,Manchester City,22,1982,19,19,"1,620",18,0,0,0,0,0,0,5,0,0,0,0,0,0,Matches
276,Josemi,es ESP,DF,Liverpool,24,1979,15,13,"1,124",12.5,0,1,1,0,0,0,6,1,0,0.08,0.08,0,0.08,Matches
277,Blessing Kaku,ng NGA,MF,Bolton,26,1978,1,0,25,0.3,0,0,0,0,0,0,0,0,0,0,0,0,0,Matches
278,Diomansy Kamara,sn SEN,FW,Portsmouth,23,1980,25,15,"1,372",15.2,4,0,4,4,0,0,3,0,0.26,0,0.26,0.26,0.26,Matches
279,Frédéric Kanouté,ml MLI,FW,Tottenham,26,1977,32,22,"1,989",22.1,7,6,13,7,0,0,3,1,0.32,0.27,0.59,0.32,0.59,Matches
280,Nwankwo Kanu,ng NGA,FW,West Brom,27,1976,28,21,"1,927",21.4,2,0,2,2,0,0,2,0,0.09,0,0.09,0.09,0.09,Matches
281,Talal El Karkouri,ma MAR,"DF,MF",Charlton Ath,28,1976,32,28,"2,498",27.8,5,0,5,5,0,0,5,1,0.18,0,0.18,0.18,0.18,Matches
282,Iván Kaviedes,ec ECU,FW,Crystal Palace,26,1977,4,1,104,1.2,0,0,0,0,0,0,0,0,0,0,0,0,0,Matches
283,Robbie Keane,ie IRL,FW,Tottenham,24,1980,35,23,"2,190",24.3,11,5,16,10,1,1,0,0,0.45,0.21,0.66,0.41,0.62,Matches
284,Roy Keane,ie IRL,MF,Manchester Utd,32,1971,31,28,"2,610",29,1,2,3,1,0,0,9,0,0.03,0.07,0.1,0.03,0.1,Matches
285,James Keene,eng ENG,FW,Portsmouth,18,1985,2,1,111,1.2,0,0,0,0,0,,0,0,0,0,0,0,0,Matches
286,Kasey Keller,us USA,GK,Southampton,34,1969,4,4,360,4,0,0,0,,,,0,0,0,0,0,,,Matches
287,Stephen Kelly,ie IRL,DF,Tottenham,20,1983,17,13,"1,281",14.2,2,0,2,2,0,0,1,0,0.14,0,0.14,0.14,0.14,Matches
288,Jason Kennedy,eng ENG,MF,Middlesbrough,17,1986,1,0,4,0,0,0,0,0,0,0,0,0,0,0,0,0,0,Matches
289,Darren Kenton,eng ENG,DF,Southampton,25,1978,9,9,792,8.8,0,0,0,0,0,0,3,0,0,0,0,0,0,Matches
290,Tugay Kerimoğlu,tr TUR,MF,Blackburn,33,1970,21,13,"1,262",14,0,1,1,0,0,0,8,1,0,0.07,0.07,0,0.07,Matches
291,Harry Kewell,au AUS,"FW,MF",Liverpool,25,1978,18,15,"1,399",15.5,1,2,3,1,0,0,0,0,0.06,0.13,0.19,0.06,0.19,Matches
292,Mateja Kežman,rs SRB,FW,Chelsea,25,1979,25,6,739,8.2,4,0,4,3,1,1,3,0,0.49,0,0.49,0.37,0.37,Matches
293,Dean Kiely,ie IRL,GK,Charlton Ath,33,1970,36,36,"3,240",36,0,0,0,0,0,0,0,0,0,0,0,0,0,Matches
294,Kevin Kilbane,ie IRL,"DF,MF",Everton,27,1977,38,37,"3,220",35.8,1,3,4,1,0,0,3,0,0.03,0.08,0.11,0.03,0.11,Matches
295,Ledley King,eng ENG,"DF,MF",Tottenham,23,1980,38,38,"3,420",38,2,0,2,2,0,0,2,0,0.05,0,0.05,0.05,0.05,Matches
296,Gábor Király,hu HUN,GK,Crystal Palace,28,1976,32,32,"2,880",32,0,1,1,0,0,0,3,0,0,0.03,0.03,0,0.03,Matches
297,Chris Kirkland,eng ENG,GK,Liverpool,23,1981,10,10,900,10,0,0,0,0,0,0,0,0,0,0,0,0,0,Matches
298,Radostin Kishishev,bg BUL,"DF,MF",Charlton Ath,30,1974,30,27,"2,190",24.3,0,1,1,0,0,0,4,0,0,0.04,0.04,0,0.04,Matches
299,José Kléberson,br BRA,MF,Manchester Utd,25,1979,8,6,416,4.6,0,1,1,0,0,0,1,0,0,0.22,0.22,0,0.22,Matches
300,Patrick Kluivert,nl NED,FW,Newcastle Utd,28,1976,25,15,"1,292",14.4,6,1,7,6,0,0,3,0,0.42,0.07,0.49,0.42,0.49,Matches
301,Zat Knight,eng ENG,DF,Fulham,24,1980,35,35,"3,136",34.8,1,0,1,1,0,0,5,1,0.03,0,0.03,0.03,0.03,Matches
302,Joonas Kolkka,fi FIN,MF,Crystal Palace,29,1974,23,20,"1,706",19,3,2,5,3,0,0,1,0,0.16,0.11,0.26,0.16,0.26,Matches
303,Paul Konchesky,eng ENG,"DF,FW",Charlton Ath,23,1981,28,15,"1,546",17.2,1,2,3,1,0,0,3,0,0.06,0.12,0.17,0.06,0.17,Matches
304,Jason Koumas,wls WAL,MF,West Brom,24,1979,10,5,531,5.9,0,1,1,0,0,0,1,0,0,0.17,0.17,0,0.17,Matches
305,Tomasz Kuszczak,pl POL,GK,West Brom,22,1982,3,2,248,2.8,0,0,0,0,0,0,0,0,0,0,0,0,0,Matches
306,Ulises de la Cruz,ec ECU,DF,Aston Villa,30,1974,33,30,"2,815",31.3,0,5,5,0,0,0,2,0,0,0.16,0.16,0,0.16,Matches
307,Vasilis Lakis,gr GRE,"FW,MF",Crystal Palace,27,1976,18,6,676,7.5,0,1,1,0,0,0,1,1,0,0.13,0.13,0,0.13,Matches
308,Frank Lampard,eng ENG,MF,Chelsea,26,1978,38,38,"3,413",37.9,13,18,31,10,3,3,6,0,0.34,0.47,0.82,0.26,0.74,Matches
309,Lauren,cm CMR,DF,Arsenal,27,1977,33,32,"2,939",32.7,1,4,5,0,1,1,4,0,0.03,0.12,0.15,0,0.12,Matches
310,Martin Laursen,dk DEN,DF,Aston Villa,27,1977,12,12,"1,035",11.5,1,0,1,1,0,0,3,0,0.09,0,0.09,0.09,0.09,Matches
311,Stan Lazaridis,au AUS,"DF,MF",Birmingham City,31,1972,20,15,"1,346",15,0,1,1,0,0,0,1,0,0,0.07,0.07,0,0.07,Matches
312,Graeme Le Saux,eng ENG,DF,Southampton,35,1968,25,24,"1,932",21.5,1,3,4,1,0,0,2,0,0.05,0.14,0.19,0.05,0.19,Matches
313,Anthony Le Tallec,fr FRA,"FW,MF",Liverpool,19,1984,4,2,218,2.4,0,0,0,0,0,0,1,0,0,0,0,0,0,Matches
314,Sylvain Legwinski,fr FRA,MF,Fulham,30,1973,15,13,"1,127",12.5,1,0,1,1,0,0,3,0,0.08,0,0.08,0.08,0.08,Matches
315,Jens Lehmann,de GER,GK,Arsenal,34,1969,28,28,"2,520",28,0,0,0,0,0,0,0,0,0,0,0,0,0,Matches
316,Mikele Leigertwood,ag ATG,"DF,MF",Crystal Palace,21,1982,20,16,"1,564",17.4,1,0,1,1,0,0,3,0,0.06,0,0.06,0.06,0.06,Matches
317,Kevin Lisbie,jm JAM,FW,Charlton Ath,25,1978,17,12,"1,133",12.6,1,0,1,1,0,0,0,0,0.08,0,0.08,0.08,0.08,Matches
318,Freddie Ljungberg,se SWE,"FW,MF",Arsenal,27,1977,26,24,"2,004",22.3,10,8,18,10,0,0,2,0,0.45,0.36,0.81,0.45,0.81,Matches
319,Lomana LuaLua,cd COD,"FW,MF",Portsmouth,23,1980,25,20,"1,733",19.3,6,3,9,6,0,0,2,1,0.31,0.16,0.47,0.31,0.47,Matches
320,Claus Lundekvam,no NOR,DF,Southampton,31,1973,34,33,"3,015",33.5,0,0,0,0,0,0,4,0,0,0,0,0,0,Matches
321,Mbulelo Mabizela,za RSA,"DF,MF",Tottenham,23,1980,1,1,66,0.7,0,0,0,0,0,,0,0,0,0,0,0,0,Matches
322,Jon Macken,ie IRL,FW,Manchester City,26,1977,23,16,"1,395",15.5,1,3,4,1,0,0,0,0,0.06,0.19,0.26,0.06,0.26,Matches
323,Claude Makélélé,fr FRA,MF,Chelsea,31,1973,36,36,"3,240",36,1,2,3,1,0,1,6,0,0.03,0.06,0.08,0.03,0.08,Matches
324,Steed Malbranque,fr FRA,MF,Fulham,24,1980,26,22,"1,888",21,6,6,12,5,1,2,0,0,0.29,0.29,0.57,0.24,0.52,Matches
325,Dean Marney,eng ENG,MF,Tottenham,20,1984,5,3,300,3.3,2,1,3,2,0,0,3,0,0.6,0.3,0.9,0.6,0.9,Matches
326,Nigel Martyn,eng ENG,GK,Everton,37,1966,32,32,"2,835",31.5,0,0,0,0,0,0,0,0,0,0,0,0,0,Matches
327,Dominic Matteo,sct SCO,"DF,MF",Blackburn,30,1974,28,25,"2,236",24.8,0,1,1,0,0,0,7,0,0,0.04,0.04,0,0.04,Matches
328,Brian McBride,us USA,FW,Fulham,32,1972,31,15,"1,519",16.9,6,4,10,6,0,0,0,0,0.36,0.24,0.59,0.36,0.59,Matches
329,Gavin McCann,eng ENG,MF,Aston Villa,26,1978,20,20,"1,765",19.6,1,1,2,1,0,0,3,0,0.05,0.05,0.1,0.05,0.1,Matches
330,Neil McCann,sct SCO,MF,Southampton,29,1974,11,5,580,6.4,0,2,2,0,0,0,3,0,0,0.31,0.31,0,0.31,Matches
331,Jay McEveley,sct SCO,DF,Blackburn,19,1985,5,5,450,5,0,0,0,0,0,0,1,0,0,0,0,0,0,Matches
332,James McFadden,sct SCO,"FW,MF",Everton,21,1983,23,7,755,8.4,1,0,1,1,0,0,1,0,0.12,0,0.12,0.12,0.12,Matches
333,Leon McKenzie,eng ENG,FW,Norwich City,26,1978,37,24,"2,417",26.9,7,4,11,7,0,0,4,0,0.26,0.15,0.41,0.26,0.41,Matches
334,Billy McKinlay,sct SCO,MF,Fulham,35,1969,2,1,96,1.1,0,0,0,0,0,0,0,0,0,0,0,0,0,Matches
335,Tony McMahon,eng ENG,"DF,MF",Middlesbrough,18,1986,13,12,"1,076",12,0,0,0,0,0,0,2,0,0,0,0,0,0,Matches
336,Steve McManaman,eng ENG,MF,Manchester City,32,1972,13,5,637,7.1,0,0,0,0,0,0,1,0,0,0,0,0,0,Matches
337,Paul McVeigh,nir NIR,"FW,MF",Norwich City,26,1977,17,3,500,5.6,1,0,1,1,0,0,0,0,0.18,0,0.18,0.18,0.18,Matches
338,Mario Melchiot,nl NED,DF,Birmingham City,27,1976,34,33,"2,842",31.6,1,1,2,1,0,0,3,0,0.03,0.03,0.06,0.03,0.06,Matches
339,Olof Mellberg,se SWE,"DF,MF",Aston Villa,26,1977,30,30,"2,655",29.5,3,1,4,3,0,0,6,0,0.1,0.03,0.14,0.1,0.14,Matches
340,Neil Mellor,eng ENG,FW,Liverpool,21,1982,9,6,477,5.3,2,0,2,2,0,0,0,0,0.38,0,0.38,0.38,0.38,Matches
341,Pedro Mendes,pt POR,MF,Tottenham,25,1979,24,22,"1,950",21.7,1,1,2,1,0,0,3,0,0.05,0.05,0.09,0.05,0.09,Matches
342,Tiago Mendes,pt POR,MF,Chelsea,23,1981,34,21,"1,968",21.9,4,3,7,4,0,0,4,0,0.18,0.14,0.32,0.18,0.32,Matches
343,Gaizka Mendieta,es ESP,MF,Middlesbrough,30,1974,7,7,516,5.7,0,1,1,0,0,0,1,0,0,0.17,0.17,0,0.17,Matches
344,Valéry Mézague,cm CMR,MF,Portsmouth,20,1983,11,3,369,4.1,0,0,0,0,0,0,0,0,0,0,0,0,0,Matches
345,Mido,eg EGY,FW,Tottenham,21,1983,9,4,381,4.2,2,0,2,2,0,0,1,0,0.47,0,0.47,0.47,0.47,Matches
346,Liam Miller,ie IRL,MF,Manchester Utd,23,1981,8,3,265,2.9,0,0,0,0,0,0,0,0,0,0,0,0,0,Matches
347,Danny Mills,eng ENG,DF,Manchester City,27,1977,32,29,"2,607",29,0,3,3,0,0,0,5,1,0,0.1,0.1,0,0.1,Matches
348,James Milner,eng ENG,"DF,MF",Newcastle Utd,18,1986,25,13,"1,263",14,1,1,2,1,0,0,0,0,0.07,0.07,0.14,0.07,0.14,Matches
349,Aaron Mokoena,za RSA,"DF,MF",Blackburn,23,1980,16,16,"1,282",14.2,0,1,1,0,0,0,5,0,0,0.07,0.07,0,0.07,Matches
350,Darren Moore,jm JAM,DF,West Brom,30,1974,16,10,986,11,0,0,0,0,0,0,3,0,0,0,0,0,0,Matches
351,Luke Moore,eng ENG,FW,Aston Villa,18,1986,25,5,836,9.3,1,0,1,1,0,0,1,0,0.11,0,0.11,0.11,0.11,Matches
352,Stefan Moore,eng ENG,FW,Aston Villa,20,1983,1,0,4,0,0,0,0,0,0,,0,0,0,0,0,0,0,Matches
353,Nuno Morais,pt POR,"DF,MF",Chelsea,20,1984,2,0,5,0.1,0,0,0,0,0,0,0,0,0,0,0,0,0,Matches
354,Fernando Morientes,es ESP,FW,Liverpool,28,1976,13,12,"1,015",11.3,3,0,3,3,0,0,1,0,0.27,0,0.27,0.27,0.27,Matches
355,Clinton Morrison,ie IRL,FW,Birmingham City,25,1979,26,13,"1,232",13.7,4,2,6,4,0,0,4,0,0.29,0.15,0.44,0.29,0.44,Matches
356,James Morrison,sct SCO,"FW,MF",Middlesbrough,18,1986,14,4,524,5.8,0,1,1,0,0,0,1,0,0,0.17,0.17,0,0.17,Matches
357,Philip Mulryne,nir NIR,MF,Norwich City,26,1978,10,8,638,7.1,0,0,0,0,0,0,0,0,0,0,0,0,0,Matches
358,Danny Murphy,eng ENG,MF,Charlton Ath,27,1977,38,37,"3,240",36,3,7,10,3,0,0,4,0,0.08,0.19,0.28,0.08,0.28,Matches
359,Kiki Musampa,nl NED,"FW,MF",Manchester City,27,1977,14,14,"1,240",13.8,3,2,5,3,0,0,0,0,0.22,0.15,0.36,0.22,0.36,Matches
360,Adrian Mutu,ro ROU,"FW,MF",Chelsea,25,1979,2,0,51,0.6,0,1,1,0,0,0,0,0,0,1.76,1.76,0,1.76,Matches
361,Bruno N'Gotty,fr FRA,DF,Bolton,33,1971,37,37,"3,257",36.2,0,2,2,0,0,0,4,1,0,0.06,0.06,0,0.06,Matches
362,Charles N'Zogbia,fr FRA,"DF,FW",Newcastle Utd,18,1986,14,8,809,9,0,1,1,0,0,0,2,0,0,0.11,0.11,0,0.11,Matches
363,Mehdi Nafti,tn TUN,MF,Birmingham City,25,1978,10,7,606,6.7,0,0,0,0,0,0,4,0,0,0,0,0,0,Matches
364,Carlo Nash,eng ENG,GK,Middlesbrough,30,1973,2,2,180,2,0,0,0,0,0,0,0,0,0,0,0,0,0,Matches
365,Noureddine Naybet,ma MAR,DF,Tottenham,34,1970,27,27,"2,327",25.9,1,0,1,1,0,0,4,0,0.04,0,0.04,0.04,0.04,Matches
366,Gary Naysmith,sct SCO,"DF,MF",Everton,25,1978,11,5,463,5.1,0,0,0,0,0,0,1,1,0,0,0,0,0,Matches
367,Christian Negouai,fr FRA,"DF,MF",Manchester City,26,1978,1,0,3,0,0,0,0,0,0,0,0,1,0,0,0,0,0,Matches
368,Lucas Neill,au AUS,DF,Blackburn,26,1978,36,34,"3,150",35,1,2,3,1,0,0,9,0,0.03,0.06,0.09,0.03,0.09,Matches
369,Ryan Nelsen,nz NZL,DF,Blackburn,26,1977,15,15,"1,350",15,0,0,0,0,0,0,2,0,0,0,0,0,0,Matches
370,Szilárd Németh,sk SVK,FW,Middlesbrough,26,1977,31,18,"1,703",18.9,4,3,7,4,0,0,1,0,0.21,0.16,0.37,0.21,0.37,Matches
371,Gary Neville,eng ENG,DF,Manchester Utd,29,1975,22,22,"1,890",21,0,3,3,0,0,0,2,1,0,0.14,0.14,0,0.14,Matches
372,Phil Neville,eng ENG,"DF,MF",Manchester Utd,27,1977,19,12,"1,069",11.9,0,0,0,0,0,0,3,0,0,0,0,0,0,Matches
373,Antti Niemi,fi FIN,GK,Southampton,32,1972,28,28,"2,436",27.1,0,0,0,0,0,0,0,0,0,0,0,0,0,Matches
374,Mikael Nilsson,se SWE,"DF,MF",Southampton,26,1978,16,12,"1,029",11.4,0,1,1,0,0,0,0,0,0,0.09,0.09,0,0.09,Matches
375,Ruud van Nistelrooy,nl NED,FW,Manchester Utd,28,1976,17,17,"1,370",15.2,6,1,7,3,3,3,1,0,0.39,0.07,0.46,0.2,0.26,Matches
376,Kevin Nolan,eng ENG,MF,Bolton,22,1982,36,27,"2,495",27.7,4,2,6,4,0,0,5,0,0.14,0.07,0.22,0.14,0.22,Matches
377,Antonio Núñez,es ESP,MF,Liverpool,25,1979,18,8,902,10,0,0,0,0,0,0,2,0,0,0,0,0,0,Matches
378,Andy O'Brien,ie IRL,DF,Newcastle Utd,25,1979,23,21,"1,947",21.6,2,0,2,2,0,0,3,0,0.09,0,0.09,0.09,0.09,Matches
379,Joey O'Brien,ie IRL,"DF,MF",Bolton,18,1986,1,0,9,0.1,0,0,0,0,0,,0,0,0,0,0,0,0,Matches
380,Gary O'Neil,eng ENG,MF,Portsmouth,21,1983,24,21,"1,889",21,2,2,4,2,0,0,3,0,0.1,0.1,0.19,0.1,0.19,Matches
381,John O'Shea,ie IRL,"DF,MF",Manchester Utd,23,1981,23,16,"1,490",16.6,2,1,3,2,0,0,1,0,0.12,0.06,0.18,0.12,0.18,Matches
382,Andy Oakes,eng ENG,GK,Bolton,27,1977,1,1,90,1,0,0,0,0,0,0,0,0,0,0,0,0,0,Matches
383,Matt Oakley,eng ENG,MF,Southampton,26,1977,7,6,420,4.7,1,1,2,1,0,0,0,0,0.21,0.21,0.43,0.21,0.43,Matches
384,Jay-Jay Okocha,ng NGA,MF,Bolton,30,1973,31,29,"2,423",26.9,6,2,8,2,4,4,2,0,0.22,0.07,0.3,0.07,0.15,Matches
385,Filipe Oliveira,pt POR,"DF,MF",Chelsea,20,1984,1,0,7,0.1,0,0,0,0,0,,0,0,0,0,0,0,0,Matches
386,Nedum Onuoha,eng ENG,DF,Manchester City,17,1986,17,11,"1,068",11.9,0,0,0,0,0,0,0,0,0,0,0,0,0,Matches
387,Brett Ormerod,eng ENG,FW,Southampton,27,1976,9,5,440,4.9,0,0,0,0,0,0,1,0,0,0,0,0,0,Matches
388,Leon Osman,eng ENG,MF,Everton,23,1981,29,24,"2,163",24,6,2,8,6,0,0,3,0,0.25,0.08,0.33,0.25,0.33,Matches
389,Quincy Owusu-Abeyie,gh GHA,"FW,MF",Arsenal,18,1986,1,1,74,0.8,0,0,0,0,0,0,0,0,0,0,0,0,0,Matches
390,Juan Pablo Ángel,co COL,FW,Aston Villa,28,1975,35,30,"2,718",30.2,7,5,12,7,0,3,2,0,0.23,0.17,0.4,0.23,0.4,Matches
391,Noé Pamarot,fr FRA,DF,Tottenham,25,1979,23,23,"1,948",21.6,1,1,2,1,0,0,4,0,0.05,0.05,0.09,0.05,0.09,Matches
392,Walter Pandiani,uy URU,FW,Birmingham City,28,1976,14,13,"1,041",11.6,4,2,6,3,1,1,2,0,0.35,0.17,0.52,0.26,0.43,Matches
393,Scott Parker,eng ENG,MF,Chelsea,23,1980,4,1,128,1.4,0,0,0,0,0,0,1,0,0,0,0,0,0,Matches
394,Ray Parlour,eng ENG,MF,Middlesbrough,31,1973,33,32,"2,800",31.1,0,0,0,0,0,0,12,1,0,0,0,0,0,Matches
395,Stuart Parnaby,eng ENG,DF,Middlesbrough,22,1982,19,16,"1,324",14.7,0,0,0,0,0,0,0,0,0,0,0,0,0,Matches
396,Ian Pearce,eng ENG,DF,Fulham,30,1974,11,11,780,8.7,0,0,0,0,0,0,0,1,0,0,0,0,0,Matches
397,Henrik Pedersen,dk DEN,FW,Bolton,29,1975,27,13,"1,353",15,6,1,7,6,0,0,0,0,0.4,0.07,0.47,0.4,0.47,Matches
398,Javier de Pedro,es ESP,MF,Blackburn,30,1973,2,1,59,0.7,0,0,0,0,0,,0,0,0,0,0,0,0,Matches
399,Mauricio Pellegrino,ar ARG,DF,Liverpool,32,1971,12,11,912,10.1,0,0,0,0,0,0,1,0,0,0,0,0,0,Matches
400,Mark Pembridge,wls WAL,MF,Fulham,33,1970,28,26,"2,332",25.9,0,5,5,0,0,0,2,0,0,0.19,0.19,0,0.19,Matches
401,Jermaine Pennant,eng ENG,MF,Arsenal,21,1983,7,1,210,2.3,0,0,0,0,0,0,0,0,0,0,0,0,0,Matches
402,Jermaine Pennant,eng ENG,MF,Birmingham City,21,1983,12,12,"1,011",11.2,0,3,3,0,0,0,3,0,0,0.27,0.27,0,0.27,Matches
403,Chris Perry,eng ENG,DF,Charlton Ath,31,1973,19,17,"1,503",16.7,1,0,1,1,0,0,3,1,0.06,0,0.06,0.06,0.06,Matches
404,Robin van Persie,nl NED,FW,Arsenal,20,1983,26,12,996,11.1,5,0,5,5,0,0,4,1,0.45,0,0.45,0.45,0.45,Matches
405,Kevin Phillips,eng ENG,FW,Southampton,31,1973,30,21,"2,091",23.2,10,1,11,9,1,1,3,0,0.43,0.04,0.47,0.39,0.43,Matches
406,Lenny Pidgeley,eng ENG,GK,Chelsea,20,1984,1,0,9,0.1,0,0,0,0,0,,0,0,0,0,0,0,0,Matches
407,Robert Pirès,fr FRA,"FW,MF",Arsenal,30,1973,33,26,"2,317",25.7,14,4,18,13,1,1,2,0,0.54,0.16,0.7,0.5,0.66,Matches
408,Alessandro Pistone,it ITA,DF,Everton,29,1975,33,32,"2,742",30.5,0,1,1,0,0,0,2,0,0,0.03,0.03,0,0.03,Matches
409,Kevin Poole,eng ENG,GK,Bolton,41,1963,2,1,94,1,0,0,0,0,0,0,0,0,0,0,0,0,0,Matches
410,Tony Popovic,au AUS,DF,Crystal Palace,31,1973,23,21,"1,841",20.5,2,1,3,2,0,0,4,0,0.1,0.05,0.15,0.1,0.15,Matches
411,Stefan Postma,nl NED,GK,Aston Villa,27,1976,3,2,225,2.5,0,0,0,0,0,0,0,0,0,0,0,0,0,Matches
412,Darren Potter,ie IRL,MF,Liverpool,19,1984,2,0,54,0.6,0,0,0,0,0,0,0,0,0,0,0,0,0,Matches
413,Darren Powell,eng ENG,DF,Crystal Palace,28,1976,6,4,437,4.9,1,0,1,1,0,0,0,0,0.21,0,0.21,0.21,0.21,Matches
414,Linvoy Primus,eng ENG,DF,Portsmouth,30,1973,35,31,"2,870",31.9,1,0,1,1,0,0,2,0,0.03,0,0.03,0.03,0.03,Matches
415,David Prutton,eng ENG,MF,Southampton,22,1981,23,19,"1,687",18.7,2,2,4,2,0,0,7,1,0.11,0.11,0.21,0.11,0.21,Matches
416,Darren Purse,eng ENG,DF,West Brom,27,1977,22,22,"1,953",21.7,0,0,0,0,0,0,3,1,0,0,0,0,0,Matches
417,Nigel Quashie,sct SCO,MF,Southampton,26,1978,13,13,"1,170",13,1,2,3,,,,1,0,0.08,0.15,0.23,,,Matches
418,Nigel Quashie,sct SCO,MF,Portsmouth,26,1978,19,19,"1,693",18.8,0,0,0,,,,2,0,0,0,0,,,Matches
419,Franck Queudrue,fr FRA,DF,Middlesbrough,25,1978,31,31,"2,740",30.4,5,4,9,5,0,0,7,1,0.16,0.13,0.3,0.16,0.3,Matches
420,Tomasz Radzinski,ca CAN,FW,Fulham,30,1973,35,25,"2,208",24.5,6,4,10,6,0,0,1,0,0.24,0.16,0.41,0.24,0.41,Matches
421,Peter Ramage,eng ENG,DF,Newcastle Utd,20,1983,4,2,262,2.9,0,0,0,0,0,0,0,0,0,0,0,0,0,Matches
422,David Raven,eng ENG,DF,Liverpool,19,1985,1,0,23,0.3,0,0,0,0,0,0,0,0,0,0,0,0,0,Matches
423,Jamie Redknapp,eng ENG,MF,Southampton,31,1973,16,16,"1,428",15.9,,2,,,,,5,,,0.13,,,,Matches
424,Jamie Redknapp,eng ENG,MF,Tottenham,31,1973,14,9,762,8.5,,1,,,,,5,,,0.12,,,,Matches
425,Zesh Rehman,pk PAK,DF,Fulham,20,1983,17,15,"1,466",16.3,0,0,0,0,0,0,4,0,0,0,0,0,0,Matches
426,Andy Reid,ie IRL,MF,Tottenham,22,1982,13,13,"1,077",12,1,1,2,1,0,0,2,0,0.08,0.08,0.17,0.08,0.17,Matches
427,Steven Reid,ie IRL,"DF,MF",Blackburn,23,1981,28,23,"1,959",21.8,2,4,6,2,0,0,3,0,0.09,0.18,0.28,0.09,0.28,Matches
428,Michael Reiziger,nl NED,DF,Middlesbrough,31,1973,17,15,"1,364",15.2,1,1,2,1,0,0,0,0,0.07,0.07,0.13,0.07,0.13,Matches
429,Claudio Reyna,us USA,MF,Manchester City,31,1973,17,16,"1,463",16.3,2,1,3,2,0,0,0,0,0.12,0.06,0.18,0.12,0.18,Matches
430,Kieran Richardson,eng ENG,"DF,MF",Manchester Utd,19,1984,2,0,24,0.3,0,0,0,0,0,0,0,0,0,0,0,0,0,Matches
431,Kieran Richardson,eng ENG,"DF,MF",West Brom,19,1984,12,11,886,9.8,3,1,4,3,0,0,2,0,0.3,0.1,0.41,0.3,0.41,Matches
432,Rohan Ricketts,eng ENG,MF,Tottenham,21,1982,6,5,375,4.2,0,0,0,0,0,0,0,0,0,0,0,0,0,Matches
433,Liam Ridgewell,eng ENG,DF,Aston Villa,20,1984,15,12,"1,129",12.5,1,0,1,1,0,0,3,1,0.08,0,0.08,0.08,0.08,Matches
434,Chris Riggott,eng ENG,DF,Middlesbrough,23,1980,21,20,"1,778",19.8,2,0,2,2,0,0,3,0,0.1,0,0.1,0.1,0.1,Matches
435,Aki Riihilahti,fi FIN,MF,Crystal Palace,27,1976,31,28,"2,237",24.9,4,4,8,4,0,0,3,0,0.16,0.16,0.32,0.16,0.32,Matches
436,Arjen Robben,nl NED,"FW,MF",Chelsea,20,1984,18,14,"1,259",14,7,9,16,7,0,0,5,0,0.5,0.64,1.14,0.5,1.14,Matches
437,Laurent Robert,fr FRA,"FW,MF",Newcastle Utd,29,1975,31,20,"1,903",21.1,3,5,8,3,0,0,4,0,0.14,0.24,0.38,0.14,0.38,Matches
438,Paul Robinson,eng ENG,GK,Tottenham,24,1979,36,36,"3,214",35.7,0,1,1,0,0,0,0,0,0,0.03,0.03,0,0.03,Matches
439,Paul Robinson,eng ENG,DF,West Brom,25,1978,30,28,"2,491",27.7,1,0,1,1,0,0,6,0,0.04,0,0.04,0.04,0.04,Matches
440,Aleksandar Rodić,si SVN,FW,Portsmouth,24,1979,4,1,118,1.3,0,0,0,0,0,0,0,0,0,0,0,0,0,Matches
441,Dennis Rommedahl,dk DEN,"FW,MF",Charlton Ath,26,1978,26,19,"1,663",18.5,2,0,2,2,0,0,1,0,0.11,0,0.11,0.11,0.11,Matches
442,Cristiano Ronaldo,pt POR,"FW,MF",Manchester Utd,19,1985,33,25,"2,423",26.9,5,4,9,5,0,0,3,0,0.19,0.15,0.33,0.19,0.33,Matches
443,Wayne Rooney,eng ENG,"FW,MF",Manchester Utd,18,1985,29,24,"2,185",24.3,11,2,13,11,0,1,7,0,0.45,0.08,0.54,0.45,0.54,Matches
444,Liam Rosenior,eng ENG,DF,Fulham,20,1984,17,16,"1,434",15.9,0,1,1,0,0,0,3,1,0,0.06,0.06,0,0.06,Matches
445,Wayne Routledge,eng ENG,"FW,MF",Crystal Palace,19,1985,38,38,"3,140",34.9,0,9,9,0,0,0,1,0,0,0.26,0.26,0,0.26,Matches
446,Youssef Safri,ma MAR,MF,Norwich City,27,1977,18,13,"1,083",12,1,0,1,1,0,0,4,0,0.08,0,0.08,0.08,0.08,Matches
447,Louis Saha,fr FRA,FW,Manchester Utd,25,1978,14,7,670,7.4,1,2,3,1,0,0,0,0,0.13,0.27,0.4,0.13,0.4,Matches
448,Artim Šakiri,mk MKD,MF,West Brom,30,1973,3,2,178,2,0,0,0,0,0,0,0,0,0,0,0,0,0,Matches
449,Lloyd Sam,gh GHA,MF,Charlton Ath,19,1984,1,0,14,0.2,0,0,0,0,0,0,0,0,0,0,0,0,0,Matches
450,Jlloyd Samuel,tt TRI,"DF,MF",Aston Villa,23,1981,35,34,"3,009",33.4,0,0,0,0,0,0,6,0,0,0,0,0,0,Matches
451,Robbie Savage,wls WAL,MF,Blackburn,29,1974,9,9,724,8,0,1,1,,,,3,0,0,0.12,0.12,,,Matches
452,Robbie Savage,wls WAL,MF,Birmingham City,29,1974,18,18,"1,613",17.9,4,2,6,,,,5,0,0.22,0.11,0.33,,,Matches
453,Paul Scholes,eng ENG,MF,Manchester Utd,29,1974,33,29,"2,605",28.9,9,3,12,9,0,0,5,1,0.31,0.1,0.41,0.31,0.41,Matches
454,Mark Schwarzer,au AUS,GK,Middlesbrough,31,1972,31,31,"2,790",31,0,0,0,0,0,0,0,0,0,0,0,0,0,Matches
455,Riccardo Scimeca,eng ENG,"DF,MF",West Brom,29,1975,33,27,"2,476",27.5,0,3,3,0,0,0,3,0,0,0.11,0.11,0,0.11,Matches
456,Philippe Senderos,ch SUI,DF,Arsenal,19,1985,13,12,"1,088",12.1,0,0,0,0,0,0,1,0,0,0,0,0,0,Matches
457,Jason Shackell,eng ENG,DF,Norwich City,20,1983,11,11,990,11,0,0,0,0,0,0,1,0,0,0,0,0,0,Matches
458,Alan Shearer,eng ENG,FW,Newcastle Utd,33,1970,28,26,"2,261",25.1,7,0,7,4,3,3,0,0,0.28,0,0.28,0.16,0.16,Matches
459,Neil Shipperley,eng ENG,FW,Crystal Palace,29,1974,1,0,14,0.2,0,0,0,0,0,,0,0,0,0,0,0,0,Matches
460,Craig Short,eng ENG,DF,Blackburn,36,1968,14,13,"1,053",11.7,1,0,1,1,0,0,1,1,0.09,0,0.09,0.09,0.09,Matches
461,Antoine Sibierski,fr FRA,"FW,MF",Manchester City,29,1974,35,34,"2,867",31.9,4,1,5,3,1,1,3,0,0.13,0.03,0.16,0.09,0.13,Matches
462,Gilberto Silva,br BRA,"DF,MF",Arsenal,27,1976,13,13,"1,126",12.5,0,1,1,0,0,0,0,0,0,0.08,0.08,0,0.08,Matches
463,Mikaël Silvestre,fr FRA,DF,Manchester Utd,26,1977,35,33,"2,948",32.8,2,1,3,2,0,0,2,1,0.06,0.03,0.09,0.06,0.09,Matches
464,Florent Sinama Pongolle,fr FRA,FW,Liverpool,19,1984,16,6,669,7.4,2,0,2,2,0,0,1,0,0.27,0,0.27,0.27,0.27,Matches
465,Trevor Sinclair,eng ENG,MF,Manchester City,31,1973,4,2,194,2.2,1,0,1,1,0,0,0,0,0.46,0,0.46,0.46,0.46,Matches
466,Giannis Skopelitis,gr GRE,MF,Portsmouth,26,1978,13,9,800,8.9,0,0,0,0,0,0,2,0,0,0,0,0,0,Matches
467,Alexey Smertin,ru RUS,MF,Chelsea,29,1975,16,11,782,8.7,0,0,0,0,0,0,2,0,0,0,0,0,0,Matches
468,Vladimír Šmicer,cz CZE,"FW,MF",Liverpool,31,1973,10,2,328,3.6,0,0,0,0,0,0,0,0,0,0,0,0,0,Matches
469,Alan Smith,eng ENG,"FW,MF",Manchester Utd,23,1980,31,22,"2,042",22.7,6,4,10,6,0,0,4,1,0.26,0.18,0.44,0.26,0.44,Matches
470,Paul Smith,eng ENG,GK,Southampton,24,1979,6,5,535,5.9,0,0,0,,,,0,0,0,0,0,,,Matches
471,Tom Soares,eng ENG,MF,Crystal Palace,18,1986,22,16,"1,554",17.3,0,2,2,0,0,0,4,0,0,0.12,0.12,0,0.12,Matches
472,Nolberto Solano,pe PER,MF,Aston Villa,29,1974,36,32,"2,788",31,8,5,13,8,0,0,6,0,0.26,0.16,0.42,0.26,0.42,Matches
473,David Sommeil,gp GLP,DF,Manchester City,29,1974,1,1,90,1,0,0,0,0,0,0,0,0,0,0,0,0,0,Matches
474,Gonzalo Sorondo,uy URU,DF,Crystal Palace,24,1979,20,16,"1,356",15.1,0,0,0,0,0,0,3,2,0,0,0,0,0,Matches
475,Gareth Southgate,eng ENG,DF,Middlesbrough,33,1970,36,36,"3,240",36,0,2,2,0,0,0,4,0,0,0.06,0.06,0,0.06,Matches
476,Jonathan Spector,us USA,"DF,MF",Manchester Utd,18,1986,3,2,171,1.9,0,0,0,0,0,0,0,0,0,0,0,0,0,Matches
477,Gary Speed,wls WAL,MF,Bolton,34,1969,38,37,"3,340",37.1,1,5,6,1,0,0,1,0,0.03,0.13,0.16,0.03,0.16,Matches
478,Julián Speroni,ar ARG,GK,Crystal Palace,25,1979,6,6,540,6,0,0,0,0,0,0,0,0,0,0,0,0,0,Matches
479,Jon Stead,eng ENG,FW,Blackburn,21,1983,29,19,"1,786",19.8,2,1,3,2,0,0,6,0,0.1,0.05,0.15,0.1,0.15,Matches
480,Dejan Stefanović,rs SRB,DF,Portsmouth,29,1974,32,32,"2,880",32,1,0,1,1,0,0,4,0,0.03,0,0.03,0.03,0.03,Matches
481,Steve Stone,eng ENG,MF,Portsmouth,32,1971,23,22,"1,879",20.9,3,1,4,3,0,0,1,0,0.14,0.05,0.19,0.14,0.19,Matches
482,Graham Stuart,eng ENG,"FW,MF",Norwich City,33,1970,8,7,574,6.4,0,1,1,0,0,0,1,0,0,0.16,0.16,0,0.16,Matches
483,Graham Stuart,eng ENG,"FW,MF",Charlton Ath,33,1970,4,4,343,3.8,0,0,0,0,0,0,3,0,0,0,0,0,0,Matches
484,Alan Stubbs,eng ENG,DF,Everton,32,1971,31,29,"2,440",27.1,1,0,1,1,0,0,1,0,0.04,0,0.04,0.04,0.04,Matches
485,Anders Svensson,se SWE,MF,Southampton,28,1976,30,21,"2,018",22.4,4,0,4,4,0,0,0,0,0.18,0,0.18,0.18,0.18,Matches
486,Mathias Svensson,se SWE,FW,Norwich City,29,1974,22,10,929,10.3,4,3,7,4,0,0,2,0,0.39,0.29,0.68,0.39,0.68,Matches
487,Michael Svensson,se SWE,DF,Southampton,28,1975,1,1,90,1,0,0,0,0,0,,0,0,0,0,0,0,0,Matches
488,Thomas Sørensen,dk DEN,GK,Aston Villa,28,1976,36,36,"3,195",35.5,0,0,0,0,0,0,1,0,0,0,0,0,0,Matches
489,Maik Taylor,nir NIR,GK,Birmingham City,32,1971,38,38,"3,420",38,0,0,0,0,0,0,0,0,0,0,0,0,0,Matches
490,Martin Taylor,eng ENG,DF,Birmingham City,24,1979,7,4,358,4,0,0,0,0,0,0,1,0,0,0,0,0,0,Matches
491,Matthew Taylor,eng ENG,"DF,MF",Portsmouth,22,1981,32,21,"2,150",23.9,1,0,1,1,0,0,4,0,0.04,0,0.04,0.04,0.04,Matches
492,Steven Taylor,eng ENG,DF,Newcastle Utd,18,1986,13,11,"1,011",11.2,0,1,1,0,0,0,5,1,0,0.09,0.09,0,0.09,Matches
493,Olivier Tébily,ci CIV,DF,Birmingham City,28,1975,15,9,764,8.5,0,0,0,0,0,0,2,0,0,0,0,0,0,Matches
494,Paul Telfer,sct SCO,"DF,MF",Southampton,32,1971,30,26,"2,440",27.1,0,2,2,0,0,0,2,0,0,0.07,0.07,0,0.07,Matches
495,John Terry,eng ENG,DF,Chelsea,23,1980,36,36,"3,240",36,3,1,4,3,0,0,7,0,0.08,0.03,0.11,0.08,0.11,Matches
496,Ben Thatcher,wls WAL,DF,Manchester City,28,1975,18,17,"1,546",17.2,0,0,0,0,0,0,2,0,0,0,0,0,0,Matches
497,Jerome Thomas,eng ENG,"FW,MF",Charlton Ath,21,1983,24,21,"1,716",19.1,3,2,5,3,0,0,2,0,0.16,0.1,0.26,0.16,0.26,Matches
498,David Thompson,eng ENG,MF,Blackburn,26,1977,24,11,"1,172",13,0,3,3,0,0,0,3,1,0,0.23,0.23,0,0.23,Matches
499,Andy Todd,eng ENG,DF,Blackburn,29,1974,26,26,"2,295",25.5,1,0,1,1,0,0,4,0,0.04,0,0.04,0.04,0.04,Matches
500,Sándor Torghelle,hu HUN,FW,Crystal Palace,22,1982,12,3,397,4.4,0,0,0,0,0,0,1,0,0,0,0,0,0,Matches
501,Kolo Touré,ci CIV,DF,Arsenal,23,1981,35,35,"3,135",34.8,0,0,0,0,0,0,1,0,0,0,0,0,0,Matches
502,Djimi Traoré,ml MLI,DF,Liverpool,24,1980,26,18,"1,770",19.7,0,1,1,0,0,0,1,0,0,0.05,0.05,0,0.05,Matches
503,David Unsworth,eng ENG,DF,Portsmouth,30,1973,15,15,"1,194",13.3,2,3,5,0,2,2,4,0,0.15,0.23,0.38,0,0.23,Matches
504,Matt Upson,eng ENG,DF,Birmingham City,25,1979,36,36,"3,240",36,2,1,3,2,0,0,5,0,0.06,0.03,0.08,0.06,0.08,Matches
505,Jelle Van Damme,be BEL,"DF,MF",Southampton,20,1983,6,4,391,4.3,0,0,0,0,0,0,0,0,0,0,0,0,0,Matches
506,Darius Vassell,eng ENG,"FW,MF",Aston Villa,24,1980,21,17,"1,398",15.5,2,1,3,2,0,0,0,0,0.13,0.06,0.19,0.13,0.19,Matches
507,James Vaughan,eng ENG,FW,Everton,16,1988,2,0,26,0.3,1,0,1,1,0,0,0,0,3.46,0,3.46,3.46,3.46,Matches
508,Ricardo Vaz Tê,pt POR,"FW,MF",Bolton,17,1986,7,1,193,2.1,0,0,0,0,0,0,1,0,0,0,0,0,0,Matches
509,Nicola Ventola,it ITA,FW,Crystal Palace,26,1978,3,0,76,0.8,1,0,1,1,0,0,0,0,1.18,0,1.18,1.18,1.18,Matches
510,Mark Viduka,au AUS,FW,Middlesbrough,28,1975,16,15,"1,103",12.3,5,1,6,5,0,0,0,0,0.41,0.08,0.49,0.41,0.49,Matches
511,Patrick Vieira,fr FRA,MF,Arsenal,28,1976,32,32,"2,796",31.1,6,6,12,6,0,0,9,0,0.19,0.19,0.39,0.19,0.39,Matches
512,Moritz Volz,de GER,DF,Fulham,21,1983,31,31,"2,776",30.8,1,1,2,1,0,0,5,0,0.03,0.03,0.06,0.03,0.06,Matches
513,Ronnie Wallwork,eng ENG,"DF,MF",West Brom,26,1977,20,19,"1,725",19.2,1,0,1,1,0,0,1,0,0.05,0,0.05,0.05,0.05,Matches
514,Darren Ward,wls WAL,GK,Norwich City,30,1974,1,0,28,0.3,0,0,0,0,0,0,0,0,0,0,0,0,0,Matches
515,Stephen Warnock,eng ENG,DF,Liverpool,22,1981,19,11,803,8.9,0,1,1,0,0,0,1,0,0,0.11,0.11,0,0.11,Matches
516,Ben Watson,eng ENG,MF,Crystal Palace,19,1985,21,16,"1,397",15.5,0,0,0,0,0,0,3,0,0,0,0,0,0,Matches
517,Steve Watson,eng ENG,"DF,MF",Everton,30,1974,25,12,"1,186",13.2,0,1,1,0,0,0,1,0,0,0.08,0.08,0,0.08,Matches
518,Steven Watt,sct SCO,DF,Chelsea,19,1985,1,0,1,0,0,0,0,0,0,0,0,0,0,0,0,0,0,Matches
519,Nicky Weaver,eng ENG,GK,Manchester City,25,1979,1,0,3,0,0,0,0,0,0,,0,0,0,0,0,0,0,Matches
520,David Weir,sct SCO,DF,Everton,34,1970,34,34,"3,034",33.7,1,1,2,1,0,0,3,0,0.03,0.03,0.06,0.03,0.06,Matches
521,John Welsh,eng ENG,MF,Liverpool,20,1984,3,2,175,1.9,0,0,0,0,0,0,0,0,0,0,0,0,0,Matches
522,Peter Whittingham,eng ENG,MF,Aston Villa,19,1984,13,5,568,6.3,1,0,1,1,0,0,1,0,0.16,0,0.16,0.16,0.16,Matches
523,Richard Wright,eng ENG,GK,Everton,26,1977,7,6,585,6.5,0,0,0,0,0,0,0,0,0,0,0,0,0,Matches
524,Bradley Wright-Phillips,eng ENG,FW,Manchester City,19,1985,14,0,190,2.1,1,0,1,1,0,0,0,0,0.47,0,0.47,0.47,0.47,Matches
525,Shaun Wright-Phillips,eng ENG,"FW,MF",Manchester City,22,1981,34,33,"2,998",33.3,10,4,14,10,0,0,0,0,0.3,0.12,0.42,0.3,0.42,Matches
526,Mark Yeates,ie IRL,"DF,FW",Tottenham,19,1985,2,0,32,0.4,0,0,0,0,0,,1,0,0,0,0,0,0,Matches
527,Joseph Yobo,ng NGA,DF,Everton,23,1980,27,19,"1,769",19.7,0,0,0,0,0,0,1,0,0,0,0,0,0,Matches
528,Dwight Yorke,tt TRI,"FW,MF",Blackburn,32,1971,4,2,190,2.1,0,0,0,,,,0,0,0,0,0,,,Matches
529,Dwight Yorke,tt TRI,"FW,MF",Birmingham City,32,1971,13,4,526,5.8,2,0,2,2,0,0,1,0,0.34,0,0.34,0.34,0.34,Matches
530,Luke Young,eng ENG,DF,Charlton Ath,25,1979,36,36,"3,240",36,2,2,4,2,0,0,4,0,0.06,0.06,0.11,0.06,0.11,Matches
531,Arjan de Zeeuw,nl NED,DF,Portsmouth,34,1970,32,32,"2,757",30.6,3,0,3,3,0,0,3,0,0.1,0,0.1,0.1,0.1,Matches
532,Boudewijn Zenden,nl NED,"DF,FW",Middlesbrough,27,1976,36,36,"3,062",34,5,1,6,4,1,1,8,0,0.15,0.03,0.18,0.12,0.15,Matches
533,Reto Ziegler,ch SUI,"DF,MF",Tottenham,18,1986,23,12,"1,093",12.1,1,1,2,1,0,0,1,0,0.08,0.08,0.16,0.08,0.16,Matches
